{
    "CLI_package_name": "certora-cli",
    "CLI_version": "7.25.3",
    "branch": "kalo/certora-impl",
    "certora_ci_client": null,
    "conf": {
        "files": [
            "../../../target/wasm32-unknown-unknown/certora/phoenix_pool.wasm"
        ],
        "precise_bitwise_ops": true,
        "process": "emv",
        "prover_version": "master",
        "rule": [
            "sanity",
            "certora_query_config"
        ],
        "server": "production"
    },
    "conf_path": "contracts/pool/confs/setup.conf",
    "cwd_relative": "contracts/pool/confs",
    "dirty": true,
    "group_id": null,
    "main_spec": null,
    "origin": "git@github.com:Phoenix-Protocol-Group/phoenix-contracts.git",
    "python_version": "3.13.2",
    "raw_args": [
        "/Users/MacBook/.local/bin/certoraSorobanProver",
        "setup.conf"
    ],
    "revision": "c62fabbdb1edf2ad9a228b6416417b3d3f02b901",
    "timestamp": "1741254522.50832"
}