{
    "CLI_package_name": "certora-cli-beta",
    "CLI_version": "7.26.0",
    "branch": "kalo/certora-impl",
    "certora_ci_client": null,
    "conf": {
        "files": [
            "../../../target/wasm32-unknown-unknown/certora/soroban_token_contract.wasm"
        ],
        "precise_bitwise_ops": true,
        "process": "emv",
        "rule": [
            "sanity",
            "transfer_is_correct"
        ]
    },
    "conf_path": "contracts/token/confs/setup.conf",
    "cwd_relative": "contracts/token/confs",
    "dirty": true,
    "group_id": null,
    "main_spec": null,
    "origin": "git@github.com:Phoenix-Protocol-Group/phoenix-contracts.git",
    "python_version": "3.13.2",
    "raw_args": [
        "/Users/MacBook/.local/bin/certoraSorobanProver",
        "setup.conf"
    ],
    "revision": "d73e2e5fc4e66b4204124e8e00fc0ff9f5fee4c6",
    "timestamp": "1741619186.25601"
}