{
    "CLI_package_name": "certora-cli-beta",
    "CLI_version": "7.26.0",
    "branch": "kalo/certora-impl",
    "certora_ci_client": null,
    "conf": {
        "files": [
            "../../../target/wasm32-unknown-unknown/certora/phoenix_pool.wasm"
        ],
        "precise_bitwise_ops": true,
        "process": "emv",
        "rule": [
            "sanity",
            "certora_only_admin_can_update_config"
        ]
    },
    "conf_path": "contracts/pool/confs/setup.conf",
    "cwd_relative": "contracts/pool/confs",
    "dirty": true,
    "group_id": null,
    "main_spec": null,
    "origin": "git@github.com:Phoenix-Protocol-Group/phoenix-contracts.git",
    "python_version": "3.13.2",
    "raw_args": [
        "/Users/MacBook/.local/bin/certoraSorobanProver",
        "setup.conf"
    ],
    "revision": "8f421d020b0f6e56d4d4b4e99d9a3965cbc3f32a",
    "timestamp": "1741597032.374108"
}